{"cameraMode":{"drawMode":0,"name":"Shaded","section":"Shading Mode"},"sceneLighting":false,"audioPlay":false,"sceneViewState":{"showFog":true,"showMaterialUpdate":false,"showSkybox":false,"showFlares":true,"showImageEffects":true,"showParticleSystems":true,"showVisualEffectGraphs":true,"m_FxEnabled":true},"in2DMode":false,"pivot":{"x":-0.07999992370605469,"y":0.7899999618530273,"z":-1.7700001001358033},"rotation":{"x":-0.05616096779704094,"y":-0.7101158499717712,"z":0.057009078562259677,"w":-0.6995357275009155},"size":1.524744987487793,"orthographic":false}