{"cameraMode":{"drawMode":0,"name":"Shaded","section":"Shading Mode"},"sceneLighting":false,"audioPlay":false,"sceneViewState":{"showFog":true,"showMaterialUpdate":false,"showSkybox":false,"showFlares":true,"showImageEffects":true,"showParticleSystems":true,"showVisualEffectGraphs":true,"m_FxEnabled":true},"in2DMode":false,"pivot":{"x":-0.07999992370605469,"y":0.7899999618530273,"z":-1.7700001001358033},"rotation":{"x":0.041756078600883487,"y":-0.5584803819656372,"z":-0.028168106451630594,"w":-0.8279967308044434},"size":1.2247449159622193,"orthographic":false}