{"cameraMode":{"drawMode":0,"name":"Shaded","section":"Shading Mode"},"sceneLighting":true,"audioPlay":false,"sceneViewState":{"showFog":true,"showMaterialUpdate":false,"showSkybox":true,"showFlares":true,"showImageEffects":true,"showParticleSystems":true,"showVisualEffectGraphs":true,"m_FxEnabled":true},"in2DMode":false,"pivot":{"x":2.6833715438842775,"y":2.092681884765625,"z":-13.442314147949219},"rotation":{"x":-0.05652254447340965,"y":0.8936622142791748,"z":-0.42969632148742678,"w":-0.11725133657455445},"size":1.7393226623535157,"orthographic":false}