{"cameraMode":{"drawMode":0,"name":"Shaded","section":"Shading Mode"},"sceneLighting":true,"audioPlay":false,"sceneViewState":{"showFog":true,"showMaterialUpdate":false,"showSkybox":true,"showFlares":true,"showImageEffects":true,"showParticleSystems":true,"showVisualEffectGraphs":true,"m_FxEnabled":true},"in2DMode":false,"pivot":{"x":-1.0715606212615967,"y":0.7796000242233276,"z":-7.539999961853027},"rotation":{"x":-0.27440202236175539,"y":0.10274147987365723,"z":-0.029500257223844529,"w":-0.9556624293327332},"size":6.6232709884643559,"orthographic":false}