{"cameraMode":{"drawMode":0,"name":"Shaded","section":"Shading Mode"},"sceneLighting":true,"audioPlay":false,"sceneViewState":{"showFog":true,"showMaterialUpdate":false,"showSkybox":true,"showFlares":true,"showImageEffects":true,"showParticleSystems":true,"showVisualEffectGraphs":true,"m_FxEnabled":true},"in2DMode":false,"pivot":{"x":-0.25040900707244875,"y":1.421472430229187,"z":-7.847475528717041},"rotation":{"x":-0.021607665345072748,"y":0.01409283746033907,"z":-0.00027740714722312987,"w":-0.9996873140335083},"size":1.0914106369018555,"orthographic":false}