{"cameraMode":{"drawMode":0,"name":"Shaded","section":"Shading Mode"},"sceneLighting":true,"audioPlay":false,"sceneViewState":{"showFog":true,"showMaterialUpdate":false,"showSkybox":true,"showFlares":true,"showImageEffects":true,"showParticleSystems":true,"showVisualEffectGraphs":true,"m_FxEnabled":true},"in2DMode":false,"pivot":{"x":-1.0715606212615967,"y":0.7796000242233276,"z":-7.539999961853027},"rotation":{"x":-0.10777616500854492,"y":0.10626304149627686,"z":-0.011585448868572712,"w":-0.9884170889854431},"size":2.423269510269165,"orthographic":false}